{
  "name": "Firebase Arduino Client Library for ESP8266 and ESP32",
  "version": "4.3.16",
  "keywords": "communication, REST, esp32, esp8266, arduino",
  "description": "The library supports Firebase products e.g. Realtime database, Cloud Firestore database, Firebase Storage and Google Cloud Storage, Cloud Functions for Firebase and Cloud Messaging. The library also supported other Arduino devices using Clients interfaces e.g. WiFiClient, EthernetClient, and GSMClient.",
  "repository": {
    "type": "git",
    "url": "https://github.com/mobizt/Firebase-ESP-Client.git"
  },
  "authors": [{
    "name": "Mobizt",
    "email": "k_suwatchai@hotmail.com"
  }],
  "frameworks": "arduino",
  "platforms": "espressif32, espressif8266, atmelsam, rp2040, atmelavr, atmelmegaavr, ststm32, teensy"
}
